{
  "project_info": {
    "project_number": "395655549976",
    "project_id": "my-application4-adce6",
    "storage_bucket": "my-application4-adce6.firebasestorage.app"
  },
  "client": [
    {
      "client_info": {
        "mobilesdk_app_id": "1:395655549976:android:f12e19cc936a1e2be69f6d",
        "android_client_info": {
          "package_name": "com.example.myapplication"
        }
      },
      "oauth_client": [],
      "api_key": [
        {
          "current_key": "AIzaSyCzLLrIGv7jB26dDhJkvTAUtiBm0I6lq70"
        }
      ],
      "services": {
        "appinvite_service": {
          "other_platform_oauth_client": []
        }
      }
    }
  ],
  "configuration_version": "1"
}